epoch,occupancy,staff,fatigue,revpar
0,0.7,0.9,0.3,80
1,0.72,0.89,0.31,82
2,0.74,0.88,0.32,84
3,0.76,0.87,0.32999999999999996,86
4,0.7799999999999999,0.86,0.33999999999999997,88
5,0.7999999999999999,0.85,0.35,90
6,0.82,0.8400000000000001,0.36,92
7,0.84,0.8300000000000001,0.37,94
8,0.86,0.8200000000000001,0.38,96
9,0.8799999999999999,0.81,0.39,98
